b42f4221,0
b42f4221,0
b42f4221,0
b42f4221,0
b57fb700,1025
de36cefd,2700
b42f4221,0
de36cf05,2701
de36cf15,2703
de36cf0d,2702
de36cf1d,2704
deb71e8f,2705
deb71e9f,2707
deb71e97,2706
deb71ea7,2708
deb71eaf,2709
deb71ebf,2711
deb71eb7,2710
deb71edf,2712
deb71ee7,2713
deb71eef,2714
deb71f07,2717
deb71ef7,2715
deb71f0f,2718
deb71eff,2716
deb71f17,2719
deb71f1f,2720
deb71f27,2721
de36d122,2722
b42f6bbc,10000
de36d0b6,2723
b42f6c11,10001
b42f6c37,10003
b42f6c89,10004
b42f6cf9,10005
b42f6d74,10006
b42f6e8b,10010
b42f6db6,10007
b42f6e21,10008
b42f6e93,10011
b42f6e29,10009
b42f6ec3,10012
b42f6ecb,10013
b42f5c44,10021
b42f6efb,10014
b42f5ca3,10022
b42f6f03,10015
b42f5d06,10023
b42f6f88,10016
b42f5d0e,10024
b42f6fb8,10017
b42f6fc0,10018
b42f5d40,10025
b42f701b,10019
b42f5ca9,10026
b42f7023,10020
b42f5d7e,10027
b42f5dc4,10028
b42f5dcc,10029
b42f6102,10038


c642b339,2724
b42f5f90,10031

b42f5fc2,10032
b42f5ff4,10033
b42f6169,10041
b42f61b6,10042
b42f5ffc,10034
b42f6273,10044
b42f62f9,10048
b42f6094,10036
b42f627b,10045
b42f60fa,10037
b42f6301,10049
b42f6309,10050
b42f635d,10052
b42f6355,10051
b42f64b2,10060
b42f636f,10053
b42f657c,10062
b42f6377,10054
b42f65f4,10071
b42f6584,10064
b42f637f,10055
b42f65fc,10072
b42f658c,10065
b42f6387,10056
b42f6683,10073
b42f6594,10067
b42f63d7,10057
b42f5df1,10075
b42f659c,10068
b42f63df,10058
b42f5e42,10076
b42f65ec,10069
b42f64aa,10059
b42f5e4a,10077
-1,10070
b42f5e52,10078
b42f6689,10079
b42f5e66,10080
b42f5b56,10099
b42f66c5,10081
b4eaffe0,10110
b42f5b5e,10100
b42f66cd,10082
b42f5b6f,10101
b42f66d5,10083
b48746b6,10111
b42f66f9,10084
c0cb5a84,10103
-1,10112
b42f6701,10086
b4eae069,10106
b42f6733,10087
b4eafb5b,10107
b42f5b82,10088
b4eb0449,10108
-1,10114
b42f5b95,10089
-1,10115
b42f5bc0,10090
-1,10116
b4ead71e,10118
b42f5bd3,10091
b4eade00,10117
b42f5be6,10092
b57f6b3e,10126
b4eb0924,10120
b42f5bf9,10093
b57f6b46,10127
b42f5c0c,10094
b57f6bb1,10128
c43c87f1,10122
b42f5c20,10095
b57f6bb9,10129
b4eb0089,10123
b42f5b2f,10098
b57f6b2e,10124
b57f6be9,10130
b57f6b36,10125
b57f6bf1,10132
b57f6c94,10135
b57f6c9c,10136
b57f6c5c,10133
b57f688e,10154
b57f6ccc,10138
b57f6c64,10134
b57f68bf,10155
b57f6d0f,10141
b57f68c5,10156
b57fb1fb,10173
b57f6d17,10143
b57f68cb,10159
b57fb224,10174
b57f68e4,10160
b57fb24d,10175
b57f9dcd,10161
b57f912b,10176
b57fa14b,10162
b57f7f73,10177
b57f9ef7,10164
b57fb128,10178
b57f9a50,10165
b57fb15b,10179
b57f97fa,10166
b57fb18e,10180
b57f9570,10167
b57fb196,10181
b57f9446,10168
b57fb19e,10182
b57f969f,10169
b57fb1a6,10183
b57f7d7e,10170
b57f6d77,10144
b57fb1ae,10184
b57fb297,10171
b57fb1b6,10185
b57fb2c9,10172
b57fb262,10190
b57f6e1d,10146
b57fb26a,10191
b57f6e2b,10147
b57fb1c6,10192
b57fb1ce,10193
b57f6e67,10148
b57f8990,10194
b57f6eb7,10149
b57f82d8,10195
b57fb9c5,10211
b57f6f40,10151
b57f8928,10196
b57fb5d9,10212
b57f6f48,10152
b57f8413,10198
b624b892,10213
b57f6f9f,10153
b624b8cf,10214
b57f8552,10199
b624b900,10215
b57fa609,10200
b624a8f5,10228
b624a84c,10217
b57fb871,10202
b624a8fd,10229
b624a8a5,10218
b57fb879,10203
b624a905,10230
b624a8ad,10219
b57fb881,10204
b624a90d,10231
b624a8b5,10220
b57fb8b1,10205
b624a915,10232
b624a8bd,10221
b57fb904,10206
b624a91d,10233
b624a8c5,10222
b57fb934,10207
b57fb640,10238
b624a8cd,10223
b57fb985,10208
b57fb6a8,10239
b624a8d5,10224
b57fb98d,10209
b624a8dd,10225
b57fb6b0,10240
b57fb9bd,10210
b624a8e5,10226
b57fb6b8,10241
b624a8ed,10227
b57fb6c0,10242
b57fb6f0,10248
b57fb6c8,10243
b57fb6f8,10249
b57fb6d0,10244
b624a2da,10264
b57fb700,10250
b57fb6d8,10245
b57fb708,10251
b57fb6e0,10246
b57fb710,10252
b57fb6e8,10247
b624be29,10253
b624a129,10254
b624bbc6,10255
b6fa08f6,10281
b624a1ec,10256
b6fa09b7,10282
b624a24b,10257
b6fa0a23,10283
b624a2ea,10266
b624a270,10258
b6fa0a2b,10284

b6fa0a33,10287
b6fa0a3b,10288
b624a19b,10268
b6fa0a43,10289
b624a1d0,10269
b6fa0a4b,10290
b6fa0621,10270
b6fa0a53,10291
b6fa0661,10271
b6fa0a5b,10292
b6fa06c1,10272
b6fa0a63,10293

b624a294,10259
b6fa0a6b,10294
b6fa05a1,10274
b6fa0a73,10295
b624a29c,10260
b6fa06d5,10275
b624a2a4,10261
b6fa0716,10276
b624a2ac,10262
b6fa0a83,10297
b6fa0727,10277
b624a2b4,10263
b6fa0a8b,10298
b6fa0833,10278
b6fa0a93,10299
b6fa0882,10279
b6fa0a9b,10300
b6fa08bc,10280
b6fa04e0,10302
b624a400,10317
b6fa052c,10303
b624a408,10318
b6fa0534,10304
b624a410,10319
b6fa30d3,10349
b6fa053c,10305
b624a418,10320
b6fa30db,10350
b624a420,10321
b6fa3154,10351
b624a428,10322
b6fa054c,10307
b6fa31f4,10352
b624a430,10323
b6fa1a15,10308
b6fa2ccb,10353
b624a438,10324
b6fa1a63,10309
b6fa2d98,10354
b624a440,10325
b6fa1a6b,10310
b6fa2dc2,10357
b624a448,10326
b6fa1a73,10311
b624a450,10327
b6fa2e54,10358
b6fa1a7b,10312
b6fa3281,10359
b624a458,10328
b6fa1a83,10313
b6fa3289,10360
b624a460,10329
b6fa1a8b,10314
b6fa32b9,10361
b624a468,10330
b624a3e6,10316
b624a470,10331
b624a478,10332
b6fa32f1,10363
b624a480,10333
b7a4a161,10384
b6fa3321,10364
b624a488,10334
b7a4a169,10385
b6fa3351,10365
b624a490,10335
b7a4a171,10386
b6fa338d,10366
b6fa2f3a,10336
b857fafe,10391
b6fa3403,10367
b6fa2f42,10337
b857fb0f,10392
b6fa3455,10368
b6fa2f72,10338
b857fb46,10393
b6fa3485,10369
b6fa2fa2,10339
b857fb4e,10394
b6fa34b5,10370
b6fa2faa,10340
b857fb7e,10395
b6fa34bd,10371
b6fa2fda,10341
b857fbd8,10396
b6fa34c5,10372
b6fa2fe2,10342
b6fa34cd,10373
b857fc0f,10397
b6fa2fea,10343
b7a4a3b5,10375
b857fc7b,10398
b6fa2ff2,10344
b857fcab,10399
b7a4a417,10376
b6fa3031,10345
b857fc5d,10400
b7a49f89,10377
b6fa3093,10346
b857fce8,10401
b7a49f9a,10378
b6fa30c3,10347
b857fcb3,10402
b7a4a0a9,10379
b6fa30cb,10348
b857fd1a,10403
b7a4a0d1,10380
b857fd22,10404
b7a4a0fe,10381
b857fd2a,10405
b7a4a151,10382
b857fdd5,10421
b857fe2c,10407
b7a4a159,10383
b857f964,10425
b857fe34,10408
b857f975,10426
b857fe64,10409
b857fcf0,10410
b857f97d,10427
b857fcdc,10411
b9a5df75,10457
b857f985,10428
b857fd52,10412
b857f98d,10429
b857fd0e,10413
b9a5df85,10459
b857f995,10430
b857fd9d,10414
b9a5df8d,10460
b905304a,10432
b857fda5,10415
b9a5e389,10461
b905305e,10433
b857fdad,10416
b9a5dfdf,10462
b9053098,10434
b857fdb5,10417
b9a5dfe7,10463
b90530f0,10435
b857fdbd,10418
ba360813,10465
b9a5dab6,10436
b857fdc5,10419
ba36088d,10466
b9a5db1e,10437
b857fdcd,10420
ba360919,10467
b9a5db26,10438
ba3609ad,10468
b9a5db36,10440
ba360e2c,10469
b9a5db3e,10441
ba3609b3,10470
b9a5db46,10442
ba360e40,10471
b9a5db4e,10443
ba360a00,10472
b9a5db56,10444
ba360a32,10473
b9a5db5e,10445
ba360a64,10474
b9a5db66,10446
ba360a6c,10475
b9a5db6e,10447
ba360a9e,10476
b9a5db76,10448
ba360aa6,10477
b9a5da2d,10449
ba360aae,10478
ba360d0a,10491
ba360d5e,10492
ba360b5e,10479
ba360da6,10493
b9a5dbcd,10451
ba360b66,10480
ba360dae,10494
b9a5dc22,10452
ba360b6e,10481
ba360db6,10495
b9a5deb3,10453
ba360b76,10482
ba360e07,10496
b9a5df0c,10454
ba360b7e,10483
ba360209,10497
b9a5df65,10455
ba360b86,10484
ba35f5e4,10498
b9a5df6d,10456
ba360b8e,10485
-1,10499
ba360b96,10486
ba35f1f9,10502
ba360bc8,10487
ba35e95f,10503
bac44982,10524
ba360c6c,10488
bac4336a,10504
bac43a7b,10525
ba360c74,10489
bac43390,10505
bac43a8e,10526
bac433d1,10506
bac43ac2,10527
bac43409,10507
bac43aca,10528
bac43411,10508
bac42e92,10556
bac43dbd,10529
bac43419,10509
bac42e9a,10557
bac4409f,10530
bac42ea2,10558
bac440b2,10531
bac43421,10510
bc10042e,10560
bac440f0,10532
bac43458,10511
bac44126,10533
bac43460,10512
bc10045d,10562
bac4412e,10534
bac4390e,10513
bc100482,10563
bac44163,10535
bac4391e,10514
bc1004a9,10564
bac4416b,10536
bac43987,10515
bc1004b1,10565
bac44173,10537
bac4398f,10516
bc1004b9,10566
bac4417b,10538
bc1004c1,10567
bac4433c,10539
bac4399f,10518
bac44344,10540
bac439a7,10519
bac44382,10541
bac439af,10520
c0cb62c1,10521
bac448a3,10522
bac4490d,10523
bcb435bc,10589
bcb435ec,10590
bcb435f4,10591
bcb435fc,10592
bcb43859,10593
bcb436d4,10594
bcb4370c,10596
bd4991b1,10597
bd4992d0,10598
bd4992d8,10599
bd4992e0,10600
bd4992e8,10601
bd4992f0,10602
bd49939c,10609
bd4993a4,10610
bd4993ac,10611
bd4993b4,10612
bd4993bc,10613
bd4993c4,10614
bd4993cc,10615
bd4993d4,10616
bd4993dc,10617
bd4993e4,10618
bd4993ec,10619
bd4993f4,10620
bd4993fc,10621
bd499404,10622
bd49940c,10623
bc1004c9,10568
bc1004d1,10569
bc1004d9,10570
bc1004e1,10571
bc1004e9,10572
bc1004f1,10573
bc1004f9,10574
bc100520,10575
bc100528,10576
bc100530,10577


bac42e10,10542
bc100369,10580
bc100399,10581
bc1003c7,10582
bcb4353e,10583
bac42e21,10543
bcb437e5,10584
bcb437ed,10585
bac42e32,10544
bcb437f5,10586
bac42e3a,10545
bcb43853,10587
bac42e42,10546
bcb43581,10588
bac42e4a,10547
bac42e52,10548
bac42e5a,10549
bac42e62,10550
bac42e6a,10551
bd499414,10624
bac42e72,10552
bac42e7a,10553
bac42e82,10554
bac42e8a,10555
bdebc7a4,10661
bd49941c,10625
bdebc84a,10662
bd499424,10626
bdebc87a,10664
bd49942c,10627
bdebc8aa,10665
bd499434,10628
bdebc1f2,10666
bd4994e8,10629
bd4994f0,10630
bd499271,10631
c061cb2c,10737
be90a43f,10668
bdebcbce,10632
c061cb7d,10738
-1,10669
bd499284,10633
bdebcbe1,10634
c061ca3e,10739
be909c79,10670
bdebcc7b,10635
c061cbbb,10740
bdebcca2,10636
c061cbed,10741
be909d20,10672
bdebccc9,10637
c061cc09,10742
be909d50,10673
bdebccee,10638
bdebcd15,10639
c061cc11,10743
be909c7f,10674
bdebcd1d,10640
c061cc7d,10744
be909d63,10675
bdebcd44,10641
be909d6b,10676
bdebce08,10643
c061ccbf,10746
bdebce44,10644
c061cd13,10747
bdebce4c,10645
be909dab,10679
c061cd1b,10748
bd49933d,10647
bd49934e,10648
be909db3,10680
c061cd23,10749
bd49935f,10649
be909dbb,10681
c061cd2b,10750
bd499367,10650
be909dc3,10682
bd49936f,10651
be909dcb,10683
c061cd63,10752
-1,10652
be909dd3,10684
bdebc65b,10653
c061cd6b,10753
bdebc66b,10654
be909e02,10685
c061cdcf,10754
bdebc6d4,10655
be909e55,10686
c061ce0d,10755
bdebc704,10656
be909e08,10687
c061ce15,10756
-1,10657
be909e7b,10688
bdebc734,10658
bdebc764,10659
be909ebf,10689
c061ced3,10758
bdebc76c,10660
be909ec7,10690
c061cedb,10759
c061cee3,10760
be909ecf,10691
c061cf47,10761
be90a47a,10692
be90a482,10693
c061cf4f,10762
be90a48a,10694
c061cf57,10763
be90a4ba,10695
c061d76b,10764
be90a4e0,10696
c061d773,10765
be90a4e8,10697
c061d7bb,10766
be90a4f0,10700
c0cb55cf,10805
c061d7c3,10767
be909801,10704
c0cb55e0,10806
c061d822,10768
c0cb560f,10807
be909bfa,10705
c061d82a,10769
c0cb563f,10808
be909c02,10706
c0cb5647,10809
c061d87e,10770
be909c0a,10707
c0cb564f,10810
c061d886,10771
c0cb5657,10811
be909c12,10708
c061d8aa,10772
c0cb52c8,10812
be90a607,10709
c061d8dc,10773
be90a6fd,10710
c0cb5307,10814
c061d8e4,10774
be90a741,10711
c0cb5337,10815
c061d916,10775
be90a771,10712
c0cb5367,10816
c0cb536f,10817
be90a84e,10714
c0cb5377,10818
c061d950,10777
bf91fc45,10715
c0cb53a7,10819
c061d982,10778
bf91fc5a,10716
c0cb53af,10820
c0cb53b7,10821
c061d98a,10779
bf91fca7,10717
c0cb53bf,10822
bf920e8d,10720
c0cb53c7,10823
c061d99a,10781
c0cb53cf,10824
c061d9a2,10782
c0cb53d7,10825
bf920f7b,10723
c0cb53df,10826
bf920f83,10724
c0cb53e7,10827
c061d9aa,10783
bf920fd5,10725
c0cb53ef,10828
c061d9b2,10784
bf920c5a,10726
c0cb53f7,10829
c061da07,10785
bf920fe8,10727
c0cb53ff,10830
c061da48,10786
bf920ff0,10728
c0cb5407,10831
c061da50,10787
bf920c79,10729
c0cb5418,10832
c061da58,10791
c061c92d,10733
c0cb543e,10833
ba35ec93,10792
c0cb6034,10835
-1,10793
c0cb6043,10836
c061e056,10794
c061cad3,10736
c0cb6092,10837
c0cb41f6,10795
c0cb612d,10838
c0cb5142,10796
c0cb6164,10839
c0cb519a,10798
c0cb61c7,10840
c0cb50db,10799
c0cb61cf,10841
c0cb5047,10800
c0cb61d7,10842
de9ea2f1,10801
c0cb49ef,10870
c0cb6208,10843
-1,10802
c0cb49f7,10871
c0cb6210,10844
-1,10803
c0cb49ff,10872
c0cb6218,10845
c0cb5595,10804
c0cb4a24,10873
c0cb6220,10846
c0cb4a55,10874
c0cb6228,10847
c0cb4a86,10875
c0cb6230,10848
c0cb4a8e,10876
c0cb6238,10849
c0cb4a96,10877
c0cb6240,10850
c0cb4a9e,10878
c1702591,10851
c0cb4aa6,10879
c17025da,10852
c0cb58f7,10853
c21b2290,10954
c0cb5958,10854
c0cb4b68,10882
c21b22bf,10955
c1702642,10855
c0cb4bb7,10883
c21b22c7,10956
c170275b,10856
c0cb4bbf,10884
c21b22cf,10957
c170276c,10857
c0cb4c0e,10885
c21b22d7,10961
c1702830,10858
c0cb4c53,10886
c21b2326,10962
c1702877,10859
c0cb4c5b,10887
c21b232e,10963
c1702886,10860
c0cb4c63,10888
c21b2336,10964
c170288e,10861
c0cb4c6b,10889
c21b233e,10965
c1702896,10862
c0cb4c73,10890
c21b2346,10966
c170289e,10863
c0cb4c7b,10891
c21b234e,10968
c17028a6,10864
c0cb4c83,10892
c21b2356,10969
c17028ff,10865
c0cb4c8b,10893
c21b235e,10970
c1702907,10866
c0cb4cb0,10894
c21b2366,10971
c0cb4974,10867
c0cb4cb8,10895
c21b236e,10972
c0cb4983,10868
c0cb4cc0,10896
c0cb49be,10869
c0cb4cc8,10897
c21b237e,10974
c0cb4cd0,10898
c21b23ce,10975
c0cb4cd8,10899
c21b24ef,10976
c0cb4ce0,10900
c21b24f7,10977
c0cb4ce8,10901
c21b24ff,10978
c0cb4cf0,10902
c21b2507,10979
c3b2fe51,11025
c0cb4cf8,10903
c43f0ab3,11028
c2aefc28,10980
c43f0c3d,11030
c0cb4d00,10904
c2af0079,10981
c43f0c4c,11031
c0cb4d31,10905
c2af00b6,10982
c43f0c5a,11032
c43f0c62,11033
c2af00ed,10983
c43f0c6a,11034
c2af00f5,10984
c0cb4d39,10906
c43f0c72,11035
c2af00fd,10985
c0cb4d41,10907
c43f0c7a,11036
c2af0105,10986
c0cb4d49,10909
c43f0c82,11037
c43f0c8a,11038
c2af010d,10987
c0cb4d51,10910
c43f0c92,11039
c2af0115,10988
c0cb4d59,10912
c43f0c9a,11040
c2af011d,10989
c0cb4dae,10913
c43f0ca2,11041
c43f0f11,11043
c2af0125,10990
c0cb4db6,10914
c43f0f41,11044
c2af012d,10991
c0cb4dbe,10916
c43f0f78,11045
c2af0135,10992
c0cb4de7,10917
c43f0f80,11046
c43f0faf,11047
c0cb4e20,10918
c43f0fb7,11048
c2af0145,10994
c21b2131,10920
c43f0fbf,11049
c2af014d,10995
ef0c6bda,10921
c2af0155,10996
c21b21c1,10922
c2aefca4,10997
c21b2be4,10923
c43f0fc7,11050
c32db9a9,10999
c43f0fcf,11051
c21aff3e,10929
c43f0fd7,11053
c21b2675,10930
c43f0fdf,11054
c32dba30,11001
c21b26b5,10931
c32dbac7,11002
c21b16cf,10932
c43f0fef,11056
c32dbb27,11003
c21b1a27,10933
c43f0ff7,11057
c32dbb44,11004
c21b280c,10934
c43f0fff,11058
c32dbb74,11005
-1,10937
c64c76f5,11059
c64c76fd,11060
-1,10938
c64c7705,11061
-1,10939
c32dbbd4,11007
c64c77f0,11062
c21b26ee,10940
c32dcceb,11008
c64c7820,11063
c21b271e,10942
c3b2fbe6,11010
c64c788c,11064
c21b1701,10944
c3b2fd65,11013
c64c78bc,11065
-1,10945
c3b2fda8,11014
c64c78ec,11066
c21aff0b,10950
c64c78f4,11067
c3b2fdb0,11015
c64c78fc,11068
c21b2221,10952
c3b2fdf7,11016
c64c7904,11069
c3b2fdff,11017
c64c7934,11070
c3b2fe07,11018
c64c793c,11071
c3b2fe21,11019
c64c7944,11072
c3b2fe29,11020
c64c794c,11073
c3b2fe31,11021
c64c7954,11074
c3b2fe39,11022
c64c795c,11075
c64c7964,11076
c3b2fe41,11023
c64c725c,11095
c64c796c,11077
c3b2fe49,11024
c64c7264,11096
c64c7974,11078
c64c726c,11097
c64c7999,11079
c64c747e,11098
c64c71db,11080
c64c7486,11099
c64c71ec,11081
c64c748e,11100
c64c71f4,11082
c64c7496,11101
c64c71fc,11083
c64c746d,11102
c9222e96,11159
c64c7204,11084
c64c732b,11103
c9222f09,11160
c64c720c,11085
c64c7333,11104
c9222f39,11161
c64c7214,11086
c64c733b,11105
c9222f69,11162
c64c721c,11087
c64c7343,11106
c64c7224,11088
c64c734b,11107
c64c722c,11089
c9222f79,11164
c64c7234,11090
c64c7353,11108
c9222f81,11165
c64c723c,11091
c64c735b,11109
c9222fb1,11166
c64c7244,11092
c3ae8615,11110
c9222fb9,11167
c64c724c,11093
b57a0d96,11111
c9222fc1,11168
c64c7373,11112
c9222fc9,11169
c64c737b,11113
c9222fd1,11170
c64c7383,11114
c9222fd9,11171
c64c738b,11115
c922303d,11172
c64c7393,11116
c9223045,11173
c7bca232,11117
c922304d,11174
c7bca23a,11118
c9223099,11175
c7bca242,11119
c9223109,11176
c7bca24a,11120
c9222ae9,11177
c7bca252,11121
ca32c4f4,11225
c7bca25a,11122
caa83424,11226


caa83434,11227
c9222b65,11181
c9222b6d,11182
c7bca26a,11124
c9222b75,11183
caa83463,11228
c7bca272,11125
caa83476,11229
c9222b7d,11184
c7bca27a,11126
caa834c3,11230
c9222b85,11185
c7bca282,11127
caa834fb,11231
c7bca28a,11128
caa8352b,11232
c9222b95,11188
c7bca292,11129
caa83533,11233
c92226ab,11190
c7bca29a,11130
caa8353b,11234
caa83558,11235
c7bca2a2,11131
caa83594,11236
c9a67bb9,11192
c7bca2aa,11132
caa8359c,11237
b9a0cdb3,11133
c9a67bc9,11193
caa835cc,11240
c7bca2ba,11134
c9a67bd9,11194
caa8361a,11241
c7bca2c2,11135
c9a67be1,11195
caa836ac,11242
caa836dc,11243
c9a67be9,11196
caa83773,11244
c7bca337,11137
ca32b3d3,11197
caa8377b,11245
c7bca33f,11138
ca32b3e9,11198
caa83783,11246
c7bca347,11139
ca32b3fc,11199
caa8378b,11247
c7bca34f,11140
caa837ed,11248
c7bca357,11141
ca32b415,11201
caa8381b,11250
c7bca35f,11142
ca32b41d,11202
caa83823,11251
c7bca367,11143
ca32b425,11203
caa8389b,11252
c70a2529,11144
ca32b42d,11204
caa838ac,11253
c70a2531,11145
ca32b435,11205
caa838b4,11254
c70a254b,11146
ca32b474,11206
caa838d1,11255
c70a255e,11147
ca32b4a4,11207
caa83973,11256
c70a2566,11148
ca32b4f6,11208
c70a2472,11149
caa839d3,11258
ca32b4fe,11209
c7bca4be,11150
caa839db,11259
ca32b52e,11210
c7bca4c6,11151
caa839e3,11260
ca32b536,11211
c7bca4ce,11152
caa839eb,11261
ca32b53e,11212
c7bca540,11153
caa83a7b,11262
caa84608,11263
ca32b546,11213
c7bca548,11154
caa830f2,11264
ca32b54e,11214
c7bca595,11156
caa844ef,11266
ca32b61d,11215
c7bca5c5,11157
caa84521,11267
ca32b625,11216
caa84383,11268
c9222e3b,11158
ca32b62d,11217
caa843b5,11269
ca32b635,11218
cb5b7ff3,11270
ca32b63d,11219
cb5b8309,11272
cb5b82f7,11273
ca32b64d,11221
cb5b827e,11274
ca32b655,11222
cb5b8220,11275
ca32bce4,11223
cb5b80ad,11276
ca32bcfe,11224
cb5b7ad4,11277
cb5b7ae4,11278
cb5b7af4,11279
ccd8b480,11361
cb5b7b24,11280
ccd8b488,11362
cb5b7b2c,11281
ccd8b490,11363
cb5b7b34,11282
ccd8b498,11364
cb5b7b64,11283
ccd8b4fc,11365
cb5b7b6c,11284
ccd8b52e,11366
cb5b7b9b,11285
ccd8b536,11367
cb5b7ba3,11286
ccd8b53e,11368
cb5b7bab,11287
ccd8b0df,11369
cb5b7c3b,11288
-1,11370
cb5b7d04,11289
cebb1790,11495
ccd8b119,11371
cb5b7d0c,11290
cebb1798,11496
ccd8b121,11372
cb5b7da7,11292
cebb17a0,11497
ccd8b160,11373
cb5b7e74,11293
cebb17a8,11498
ccd8b192,11374
-1,11294
cebb1450,11499
ccd8b1cc,11375
cb5b7e7c,11295
ccd8b230,11376
cebb1480,11500
cb5b7f4f,11296
ccd8b238,11377
cebb14ae,11501
cbd36111,11297
ccd8b240,11378
cebb14b6,11502
cbd36141,11298
cbd36171,11299
ccd8b248,11379
cebb14be,11503
cbd361a1,11300
ccd8b250,11380
cebb14c6,11504
cbd361a9,11301
ccd8b258,11381
cebb14ce,11505
cbd361b1,11302
ccd8b260,11382
cebb14d6,11506
cbd362b5,11303
ccd8c3ef,11383
cebb14de,11507
cbd362c4,11304
ccd8cdba,11384
cebb14e6,11508
cbd36326,11305
cd5acd82,11385
cebb14ee,11509
cbd363ca,11306
cd5acd99,11386
cebb14f6,11510
cbd363fa,11307
cd5acdd1,11387
cebb14fe,11511
cbd3642a,11308
cd5acdd9,11388
cebb1506,11512
cbd3645a,11309
cd5acde1,11389
cebb150e,11513
cbd36462,11312
cd5acde9,11390
cebb1516,11514
cbd3646a,11314
cbd36472,11315
cd5acdf1,11391
cebb15cf,11515
cbd364bf,11316
cd5ace2c,11392
cebb15fd,11516
cbd3651c,11317
cd5ace8f,11393
cebb162b,11517
cbd3656c,11318
cd5aceb5,11394
cebb1633,11518
cbd3659c,11319
cd5acee5,11395
dcb14652,11519
cbd365cc,11320
cd5acf15,11396
-1,11520
cbd3605d,11322
cd5acf45,11397
-1,11521
cbd36065,11323
cd5acf4d,11398
d9b2f645,11522
cbd36095,11324
cd5acf55,11399
c43ac466,11523
cbd360c5,11325
cd5acf9f,11400
-1,11524
cbd360cd,11326
cd5acfa7,11401
-1,11525
cbd360d5,11327
cd5acfaf,11402
-1,11526
ccd8b569,11330
cd5acfb7,11403
-1,11527
ccd8b571,11331
cd5acfbf,11404
-1,11528
ccd8b579,11332
cd5acfc7,11406
ef0b47b4,11529
b9a0ccf3,11333
cd5ac547,11407
ccd8b5f7,11334
-1,11530
cd5ac556,11408
ccd8b5ff,11335
cf4d7d41,11537
cd5ac565,11409
ccd8b61c,11336
cf4d7d49,11538
ccd8b642,11337
cd5ac56d,11410
ccd8b674,11338
cf4d7d82,11539
cd5ac575,11411
ccd8b691,11339
cf4d7e01,11540
cd5ac57d,11412
ccd8b699,11340
cf4d7e31,11541
cd5ac585,11413
ccd8b6b6,11341
cd5ac58d,11414
ccd8b722,11342
ccd8b72a,11343
cf4d7eb1,11543
ccd8b7c1,11344
cf4d7ee1,11544
ccd8b7c9,11345
cd5ac5a5,11417
cf4d7f11,11545
ccd8b7d1,11346
ccd8b7d9,11348
cd5ac5ad,11418
cf4d7f8d,11546
ccd8b82a,11349
cd5ac5b5,11419
cfd550be,11547
ccd8b283,11350
cd5ac190,11420
cfd550e2,11548
ccd8b28b,11351
cd5ac198,11421
ccd8b293,11352
cfd550ea,11549
ccd8b29b,11353
cd5ac1d4,11422
cfd550f2,11550
ccd8b2a3,11354
cd5ac1dc,11423
cfd550fa,11551
ccd8b308,11355
cd5ac20c,11424
cfd5512a,11552
cd5ac246,11425
cfd5515a,11553
ccd8b310,11356
cfd55162,11554
ccd8b374,11357
cfd5516a,11555
cd5ac28e,11427
ccd8b37c,11358
ccd8b446,11359
cfd55172,11556
ccd8b44e,11360
cd5ac329,11429
cfd55490,11558
cd5ac331,11430
cfd554c1,11559
cd5ac361,11431
cfd5550d,11560
cd5ac369,11432
cfd5553d,11561
cd5ac394,11433
cd5ac3c9,11434
cfd55575,11562
cd5ac3d1,11435
cfd554c7,11563
cd5ac3d9,11436
cfd555fa,11564
cd5ac3e1,11437
cfd55602,11565
d0520462,11649
cd5ac3e9,11438
d05204b1,11650
cfd55612,11567
cd5ac3f1,11439
d05204fd,11651
cfd5561a,11568
cd5ac3f9,11440
d0520539,11652
cfd5564a,11569
d052058e,11653
cd5ac409,11442
d05206bc,11654
d05206c4,11655
cd5ac411,11443
cfd5565a,11571
d05206d1,11656
cd5ac472,11444
cfd55662,11572
d0520594,11657
cd5ac650,11449
cfd5566a,11573
d05206f1,11658
cd5ac665,11450
d052070c,11659
cd5ac67a,11451
d0520830,11660
cfd5567a,11575
d0520838,11661
cfd55682,11576
d0520712,11662
cfd5568a,11577
d052086e,11663
cd5ac682,11452
cfd55692,11578
d0520876,11664
cd5ac68a,11453
d052087e,11665
cd5acff0,11454
d0520886,11666
d052088e,11667
cd5acff8,11455
d0520896,11668
cd5ad028,11456
cfd556e1,11580
d0520735,11669
cd5ad090,11457
cfd5569a,11597
d05208b6,11670
cd5ad142,11458
cfd5571c,11598
d05208be,11671
cd5ad172,11459
cfd55724,11599
d05208c6,11672
cd5ad17a,11460
cfd5572c,11600
d052073b,11673
ce060a7f,11461
d05208fc,11674
d0520904,11675
cfd5573c,11602
ce060a87,11462
d052090c,11676
cfd55744,11603
ce060af9,11463
d0520914,11677
cfd5574c,11604
ce060ac9,11464
d052091c,11678
cfd55754,11605
ce060a99,11465
d0520924,11679
cfd5575c,11607
ce060b01,11466
d052092c,11680
cfd556a0,11608
ce060b09,11467
d0520934,11681
cfd557ba,11609
ce060b11,11468
d052093c,11682
cfd5582a,11610
ce060b5b,11469
d0520944,11683
cfd5585f,11612
d052094c,11684
ce060b63,11470
d0520954,11685
cfd55876,11614
ce060b6b,11471
d052075e,11686
cfd558af,11616
ce060b73,11472
d052098a,11687
ce060b7b,11473
cfd55838,11617
d0520992,11688
ce060b83,11474
cfd558c2,11618
d052099a,11689
ce060b8b,11475
cfd5587e,11619
d05209a2,11690
ce060bba,11476
cfd558d5,11620
d05209aa,11691
d05209b2,11692
cfd55884,11621
d05209ba,11693
cebb12ea,11479
cfd558e8,11622
d05209c2,11694
cebb1318,11480
cfd557c2,11623
d05209ca,11695
cebb1320,11481
cfd557ef,11624
d05209d2,11696
cebb1347,11482
d05209da,11697
cfd55915,11626
d05209e2,11698
cfd5593b,11627
d05209ea,11699
cebb16e6,11484
d05209f2,11700
cfd55943,11628
cebb1716,11485
d0520764,11701
cfd5594b,11629
cebb1748,11486
d0520a12,11702
cfd55953,11630
d0520a1a,11703
cebb1758,11488
cfd5595b,11631
d0520a22,11704
cebb1760,11489
d0520211,11632
d0520a2a,11705
cebb1768,11490
d0520223,11633
d0520a32,11706
d0520a3a,11707
cebb1770,11491
d052025b,11634
d0520a42,11708
cebb1778,11492
d0520a4a,11709
d05202c6,11636
d0520a52,11710
d05202ce,11637
d0520a5a,11711
d0520a62,11712
d05202d6,11638
d052030d,11639
d0520a6a,11713
d052032b,11640
d0520a72,11714
d05203aa,11641
d0520a7a,11715
d05203b2,11642
c705f877,11716
d05203e2,11643
d0520a9a,11717
d0520412,11644
d0520aa2,11718
d052041a,11645
d0520aaa,11719
d052044a,11646
d0520ab2,11720
d0520452,11647
d0520aba,11721
d0520cfc,11777
d052045a,11648
d0520aca,11723
d052078d,11724
d0520d1c,11779
d0520b00,11725
d0520d24,11780
d0520b08,11726
d0520d2c,11781
d0520b10,11727
d0520d34,11782
d0520b18,11728
d0520d3c,11783
d0520b20,11729
d0520802,11784
d0520b28,11730
d0520d5d,11785
d0520b30,11731
d0520d65,11786
d0520b38,11732
d0520d6d,11787
d0520b40,11733
d14e60bb,11905
d0520d75,11788
d0520b48,11734
d14e60c3,11906
d0520d7d,11789
d0520b50,11735
d14e60cb,11907
d0520d85,11790
d05207b0,11736
d14e61cf,11908
d0520d8d,11791
d0520b70,11737
d14e620e,11909
d0520b78,11738
d14e624d,11910
d0520b80,11739
d0520d9d,11793
d05207b6,11740
d0520da5,11794
d0520bb6,11741
d14e625d,11912
d0520dad,11795
d0520bbe,11742
d14e6265,11913
d0520db5,11796
d0520bc6,11743
d14e626d,11914
d0520dbd,11797
d0520bce,11744
d14e6275,11915
d0520dc5,11798
d0520bd6,11745
d14e627d,11916
d0520dcd,11799
d0520bde,11746
d14e6285,11917
d0520be6,11747
d0520e04,11801
d14e628d,11918
d0520bf6,11749
d0520e3a,11802
d14e6295,11919
d0520bfe,11750
d0520e42,11803
d14e629d,11920
d0520c06,11751
d0520e4a,11804
d14e62a5,11921
d0520c0e,11752
d0520e52,11805
d14e62ad,11922
d0520c16,11753
d0520c1e,11754
d0520e5a,11806
d14e62b5,11923
d0520e62,11807
d0520c26,11755
d0520e6a,11808
d0520c2e,11756
d0520e72,11809
d0520c36,11757
d0520e7a,11810
d14e62bd,11924
d14e62c5,11925
d0520e82,11811
d2628e82,11926
d0520c3e,11758
d0520e8a,11812
d2628ebb,11927
d0520c46,11759
d0520e92,11813
d2628ef4,11928
d0520c4e,11760
d0520e9a,11814
d2628efc,11929
d05207d9,11761
d0520ea2,11815
d2628f04,11930
d0520eaa,11816
d0520c8c,11763
d2628f0c,11931
d0520ecf,11817
d2628f14,11932
d0520ed7,11818
d2628f1c,11933
d0520edf,11819
d0520c94,11764
d0520ee7,11820
d2628f24,11934
d0520c9c,11765
d0520ca4,11766
d2628f2c,11935
d0520cac,11767
d0520ef7,11822
d2628f34,11936
d0520cb4,11768
d0520eff,11823
d2629004,11937
d0520cbc,11769
d0520f07,11824
d2629047,11938
d0520cc4,11770
d0520f0f,11825
d262908c,11939
d0520ccc,11771
d0520cd4,11772
d0520f26,11826
d0520cdc,11773
d0520f2e,11827
d0520ce4,11774
d2e478ff,11942
d0520f36,11828
d0520cec,11775
d2e47913,11943
d0520f59,11829
d0520cf4,11776
d2e47927,11944
d0520f61,11830
d0520f69,11831
d2e47ac0,11945
d0b5a5e0,11832
d2e47ad4,11946
d0b5a5f0,11833
d2e47ae8,11947
d0b5a62a,11834
d2e47af0,11948
d0b5a666,11835
d2e47af8,11949
d2e47b00,11950
d0b5a698,11836
d2e47b08,11951
d0b5a6a0,11837
d2e47b10,11952
d0b5a6da,11838
d2e47b18,11953
d0b5a6e2,11839
d5f53189,12044
d2e47b20,11954
d0b5a6ea,11840
d5f531ee,12045
d2e47b28,11955
d5f531f6,12046
d2e47b30,11956
d5f5328d,12047
d0b5a702,11843
d39f96e4,11958
d5f53356,12049
d0b5a70a,11844
d39f9a58,11959
d5f5335e,12050
d0b5a712,11845
d39f9a91,11960
d5f533f4,12051
d0b5a776,11846
d39f9aca,11961
d5f533fc,12052
d0b5a77e,11847
d39f9ad2,11962
d5f5342e,12053
d0b5a786,11848
d39f9ada,11963
d5f53436,12054
d0b5a78e,11849
d39f9ae2,11964
d5f53443,12055
d0b5a796,11850
d39f9aea,11965
d5f53458,12057
d0b5a79e,11851
d39f9af2,11966
d5f53460,12058
d0b5a80b,11852
d39f9afa,11967
d5f534f8,12059
d0b5a83d,11853
d39f9b02,11968
d5f53500,12060
d0b5a891,11854
d39f9b0a,11976
d5f53559,12062
d39f9b12,11977
d5f53593,12063
d39f9b1a,11978
d5f535c5,12064
d39f9b22,11979
d5f535cd,12065
d0b5a8ea,11856
d39f9b2a,11980
d5f5361b,12066
d0b5a8f2,11857
d39f9b32,11981
d5f5364d,12067
d0b5a945,11858
d5f53655,12068
d39f9b3a,11982
d0b5a94d,11859
d5f53687,12069
d39f9c00,11983
d0b5a955,11860
d5f536b9,12070
d0b5a95d,11861
d5f53750,12071
d39f9c37,11984
d0b5a9c1,11862
d5f53758,12072
d5f537bc,12073
d39f9c70,11985
d5f537c4,12074
d0b5a9d1,11864
d39f9c78,11986
d5f537cc,12075
d0b5a9d9,11865
d39f9c80,11987
d5f537d4,12076
d0b5a9e1,11866
d5f537dc,12077
d5f537e4,12078
d0b5a9e9,11867
d48da652,11989
d5f5387b,12079
d0b5b034,11868
d48da67a,11990
d5f53883,12080
d0b5bac5,11869
d48da682,11991
d5f5393b,12081
d14e6424,11870
d48da68a,11992
d5f53943,12082
d14e6457,11871
d48da692,11993
d5f5394b,12083
d14e648a,11872
d48da69a,11994
d5f539a3,12084
d14e6492,11873
d48da6a2,11995
d5f539f1,12085
d14e649a,11874
d48da6aa,11996
d5f539f9,12086
d14e64a2,11875
d48da6b2,11997
d5f53a01,12087
d14e64aa,11876
d48da6ba,11998
d5f53a09,12088
d5f53ad3,12089
d48da6c2,12001
d5f53adb,12090
d14e64ba,11878
d48da7b8,12002
d5f53ae3,12091
d14e64c2,11879
d48da80e,12003
d5f53b99,12092
d14e64ca,11880
d5f53ba1,12093
d14e64d2,11881
d48da86b,12005
d5f53ba9,12094
d5f53bb1,12095
d14e64da,11882
d48da873,12006
d5f53bb9,12096
d14e64e2,11883
d48da87b,12007
d5f53c1d,12097
d14e64ea,11884
d48da883,12008
d5f53c25,12098
d14e5bf5,11885
d48da88b,12009
d5f53d0b,12099
d14e5c30,11886
d48da893,12010
d5f53d3e,12100
d14e5c68,11887
d48da89b,12011
d5f53dc3,12101
d5f53dcb,12102
d14e5c98,11888
d48da8a3,12012
d5f53dd3,12103
d14e5ca0,11889
d48da8ab,12013
d5f53ddb,12104
d14e5feb,11890
d48da8b3,12014
d5f53e3f,12105
d14e601f,11891
d48da8bb,12015
d5f53e47,12106
d14e6053,11892
d48da8c3,12016
d5f53e95,12107
d14e605b,11893
d48db941,12017
d5f53e9d,12108
d14e6063,11894
d48db99e,12018
d14e606b,11895
d5f53ead,12110
d48db9bb,12019
d5f53eb5,12111
d14e6073,11896
d48dba1a,12020
d5f53f4d,12112
d14e607b,11897
d48dbab8,12021
d5f54000,12113
d14e6083,11898
d48dbb1a,12022
d5f54051,12114
d14e608b,11899
d48dbbb3,12023
d5f540be,12115
d14e6093,11900
d5f540c6,12116
d48dbc0c,12024
d5f540ec,12117
d14e609b,11901
d48dbcd0,12025
d5f540f4,12118
d14e60a3,11902
d48dbd00,12026
d5f540fc,12119
d14e60ab,11903
d48dbd30,12027
d5f5414b,12120
d14e60b3,11904
d48dbd38,12028
d5f54153,12121
d5f5415b,12122
d48dbd68,12029
d5f54163,12123
d48dbde9,12030
d5f5416b,12124
d48dbe41,12031
d5f541d5,12125
d48dbea9,12032
d5f541dd,12126
d48dbebd,12033
d5f5557b,12127
d48dbec5,12034
d5f55da1,12128
d48db4c5,12035
d48dbf27,12036
d69d7670,12129
d5f55071,12038
d69d7680,12130
d5f55079,12039
d69d76b8,12131
d69d8067,12174
d5f550ab,12040
d69d76e8,12132
d69d806f,12175
d5f55132,12041
d69d76f0,12133
d69d8077,12176
d69d76f8,12134
d5f53147,12042
d69d7700,12135
d5f53157,12043
d69d8087,12178
d69d7708,12136
d69d7710,12137
d69d808f,12179
d69d7718,12138
d69d8097,12180
d69d7720,12139
d69d80b9,12181
d69d7728,12140
d69d80c1,12182
d69d7730,12141
d69d80c9,12183
d69d7738,12142
d69d80d1,12184
d69d7740,12143
d69d80d9,12185
d69d7797,12144
d69d80e1,12186
d69d7bf5,12145
d69d80e9,12187
d69d7bfd,12146
d911935f,12310
d69d80f1,12188
d69d7c05,12147
d9119367,12311
d69d80f9,12189
d69d7c0d,12148
d911936f,12312
d69d8101,12190
d69d7c15,12149
d9119377,12313
d69d7c1d,12150
d69d813a,12192
d911937f,12314
d69da593,12193
d9119387,12315
d69d7c25,12151
bac43f4b,12197
d86604cf,12316
d69d7c2d,12152
d69d7c35,12153
bac43f8e,12198
d86604e0,12317
-1,12154
bac43fd1,12199
d86604f2,12318
-1,12155
b57b5d2a,12200
d86604fa,12319
-1,12156
d69d7d6f,12201
-1,12157
d8660502,12320
d69d7d77,12202
d69d7c3d,12158
d866050a,12321
d69d7daf,12203
d8660512,12322
d69d7fc1,12160
d69d7e05,12204
d866051a,12323
d69d7fd9,12162
d69d7e35,12205
d8660522,12324
d69d7ff3,12164
d69d7e65,12206
d866052a,12325
d69d800d,12165
d69da306,12207
d8660532,12326
d69d801f,12166
d72e6612,12208
d69d802f,12167
d866053a,12327
d72e665a,12209
d69d8037,12168
d8660542,12328
d72e669d,12210
d866054a,12329
d69d8047,12170
d72e66cd,12211
d8660552,12330
d69d804f,12171
d72e66fd,12212
d866055a,12331
d69d8057,12172
d72e6705,12213
d8660562,12332
d69d805f,12173
d72e670d,12214
ceba6e78,12333
d72e6715,12215
d8660572,12334
d72e681e,12217
d866057a,12335
d72e6946,12218
d8660582,12336
d72e694e,12219
d866058a,12337
d72e6956,12220
d8660592,12338
d72e695e,12221
d866059a,12339
d39ce7c7,12222
d91194eb,12340
d72e696e,12223
d91194fd,12341
d72e6976,12224
d911950f,12342
d9b34fce,12443
d72e697e,12225
d9119517,12343
d9b351d3,12444
d72e6986,12226
b856f624,12344
bcb14294,12445
d72e698e,12227
da437d34,12446
d72e6996,12228
da437d66,12447
d911952f,12346
d72e699e,12229
da437d78,12448
d9119537,12347
d72e69a6,12230
da437d80,12449
d911953f,12348
d72e69ae,12231
da437d88,12450
d9119547,12349
da437d90,12451
d72e69b6,12232
d911954f,12350
da437d98,12452
d72e69be,12233
d9118bbd,12351


d72e69c6,12234
-1,12454
b57b5deb,12455
c64ac37e,12456
d72e69ce,12235
d9118bfd,12353
bcb3086f,12457
d72e69d6,12236
d9118c2d,12354
-1,12458
d72e69de,12237
d9118c35,12355
-1,12460
d72e6ab8,12238
d9118c44,12356
-1,12461
d72e6ac9,12239
d9118c73,12357
-1,12462
d72e6ada,12240
d9118c7b,12358
-1,12463
d72e6ae2,12241
da437e5f,12464
d9118c83,12359
da437ee6,12465
d72e6aea,12242
d9118c8b,12360
da437f6d,12466
d72e6af2,12243
-1,12361
dad99137,12467
d72e6afa,12244
dad99183,12468
d72e6b02,12245
e3996906,12363
dad99285,12469
d72e6b0a,12246
dad99347,12470
-1,12364
d72e6b12,12247
dad9944f,12471
-1,12365
d72e6b1a,12248
dad9951f,12472
d90f1778,12366
dad99553,12473
d72e6b22,12249
-1,12367
dad9955b,12474
d72e6b2a,12250
-1,12368
dad99563,12475
d72e6b32,12251
-1,12369
dad9956b,12476
d72e6b3a,12252
-1,12370
dad99573,12477
d72e6b42,12253
d9118691,12371
dad9957b,12478
d72e6b4a,12254
d91186f0,12372
dad99583,12479
d72e6b52,12255
d9118ecb,12373
dad9958b,12480
d72e68af,12256
d9118edc,12374
dad99593,12481
d72e68b7,12257
dad9959b,12482
d9118f02,12379
d72e68bf,12258
d9118f72,12380
dad995ab,12484
d72e68c7,12259
d9b344ed,12382
dad98bb9,12485
d72e68cf,12260
d9b34542,12383
dad98bfd,12486
d72e68d7,12261
d9b34574,12384
dad98c73,12487
d72e68df,12262
d9b345ae,12385
dad98ce0,12488
d72e68e7,12263
d9b345b6,12386
db748419,12493
d72e68ef,12264
d9b3468c,12387
db748449,12495
d72e68f7,12265
d9b3470d,12388
db74845c,12496
d8660676,12266
d9b34715,12389
db748464,12497
d866067e,12267
d9b34747,12390
db748474,12499
d8660686,12268
d9b347a0,12391
dad99038,12511
d86606b6,12269
d9b347a8,12392
dad9904a,12512
d86606e6,12270
d9b347b0,12393
dad9905c,12513
d86606ee,12271
d9b347b8,12394
dad99064,12514
d86606f6,12272
d9b347c0,12395
dad99074,12516
d9119048,12276
d9b347c8,12396
dad9907c,12517
d9119050,12277
dad99084,12518
d9b347fa,12397
d9119058,12278
dad9908c,12519
d9b34802,12398
d9119060,12279
dad99094,12520
d9b34834,12399
d9119068,12280
dad9909c,12521
d9b348a0,12400
dad990a4,12522
dad990ac,12523
d9b34945,12401
db747f5f,12524
d9119080,12283
d9b349a0,12402
db747fa5,12525
d9119088,12284
d9b349f0,12403
db74801e,12526
d9119098,12286
d9b34a22,12404
db74808d,12527
d91190a0,12287
d9b34a54,12405
db7480fc,12528
d91190a8,12288
db74816b,12529
d9119133,12289
d9b34adc,12407
db748173,12530
d911913b,12290
db74817b,12531
d9119143,12291
db7481ea,12532
d9b34b6a,12409
db7481f2,12533
d911914b,12292
d9b34bd7,12410
db7481fa,12534
d9119153,12293
d9b34c3b,12411
dc329284,12535
d911915b,12294
d9b34c6d,12412
dc32929e,12536
d9119163,12295
d9b34c9f,12413
dc3292b8,12537
d911916b,12296
dc3292d2,12538
dc3292ec,12539
d91192e3,12297
d9b34cd9,12415
dc328a5c,12540
d91192f5,12298
d9b34ce1,12416
dc328a6c,12541
d9b34d13,12417
d9119307,12299
dc328a7c,12542
d911930f,12300
dc328a84,12543
d9119317,12301
d9b34d23,12419
dc328a8c,12544
d911931f,12302
d9b34d8c,12420
dc328a94,12545
d9119327,12303
d9b34e14,12421
dc328a9c,12546
d911932f,12304
dc328aa4,12547
d9119337,12305
dc328aac,12548
d9b34e24,12423
d911933f,12306
d9b34e2c,12424
dc328abc,12550
d9119347,12307
d9b34e34,12425
-1,12551
d911934f,12308
d9b34e3c,12426
c43bdb15,12552
d9119357,12309
d9b34e93,12427
dc329535,12553
d9b34e9b,12428
dc32a34e,12554
dc328b66,12557
d9b34ecd,12429
dc328b78,12558
d9b34ed5,12430
dc328b87,12559
d9b34f23,12431
dc328b8f,12560
d9b34f2b,12432
dc328b97,12561
d9b34f33,12433
d9b34f3b,12434
dc328b9f,12562
d9b34f43,12435
dc328bd2,12563
d9b34f53,12437
dc32922c,12589
dc328bf0,12565
d9b34f5b,12438
dc329234,12590
dc328be0,12566
d9b34f8d,12439
dc32923c,12591
dc328bfe,12567
d9b34fb1,12440
dc3291d4,12592
dc328c57,12568
d9b34fb9,12441
dc328c5f,12569
dc3291dc,12593
d9b34fc1,12442
dc328d22,12570
dcddf7f2,12597
dc328d2a,12571
dcddf813,12598
dc328d40,12572
dcddf822,12599
dc328dec,12573
dcddf82a,12600
dc328df4,12574
dcddf832,12601
dc328dfc,12575
dcddf664,12602
dc328e04,12576
dcddf672,12603
dc328d30,12577
dcddf692,12604
dc328d4e,12578
dcddf69a,12605
dc328e28,12579
dcddf6a2,12606
dcddf6aa,12607
deb71f26,12721
dc328e46,12581
dcddf6c4,12608
de36d121,12722
dc328f1f,12582
dcddf6cc,12609
de36d0b5,12723
dc328f27,12583
dcddf6d4,12610
de36c18c,12724
dc328f2f,12584
dcddf6dc,12611
dc328e36,12585
dc328e54,12586
dcddf6e4,12612
de36d157,12726
dc32917c,12587
dcddf6ec,12613
df4eb825,12727
dc329184,12588
dcddf6f4,12614
dfdbfa4d,12728
dcddf6fc,12615
dfdbfa55,12729
dd76c1d4,12616
df4eb08f,12740
dd76c1ee,12617
e051750b,12742
dd76c1f6,12618
e0517545,12743
dd76c210,12619
e051757e,12744
dd76c218,12620
e05175b0,12745
dd76c220,12621
e05175e2,12746
dd76c228,12622
e05175ea,12747
dd76c230,12623
e0517607,12748
e21bab00,12871
dd76c24a,12624
e0517649,12749
e21bab36,12872
dd76c252,12625
e0517699,12750
e21bab68,12873
dd76c25a,12626
e05176cb,12751
e2e82c2f,12874
dd76c262,12627
e05176fd,12752
e2e82c50,12875
dd76c26a,12628
e051774d,12753
e2e82c5f,12876
dd76c272,12629
e051779e,12754
e2e82c67,12877
dd76c27a,12630
e05177d0,12755
e2e82c6f,12878
dd76c297,12631
e0517896,12756
e2e82c77,12879
dd76c29f,12632
e05178ea,12757
e2e82c7f,12880
dd76c2a7,12633
e051791c,12758
e2e82c87,12881
e2e82ca1,12882
e0517924,12759
e2e82ca9,12883
dd76bd34,12635
e051792c,12760
e2e82cb1,12884
dd76bdb9,12636
e0517934,12761
e2e82cb9,12885
dd76be35,12637
e05179a1,12762
e2e82cc1,12886
e2e82cc9,12887
dd76beb1,12638
e05179a9,12763
e2e82cd1,12888
dd76beb9,12639
e05179b1,12764
e2e82cd9,12889
dd76bec1,12640
e05179b9,12765
e2e82ce1,12890
e05179c1,12766
e2e82ce9,12891
e05179c9,12767
dd76bec9,12641
e2e82cf1,12892
dd76bed1,12642
e2e82cf9,12893
dcddf2f4,12643
e2e82d01,12894
dcddf379,12644
e0517a1f,12769
e2e82d1e,12895
e2e82de4,12896
dcddf3fe,12645
e0517a56,12770
e2e82dec,12897
dcddf47a,12646
e0517a5e,12771
e2e82df4,12898
dcddf4f6,12647
e0517a66,12772
e2e82dfc,12899
dcddf4fe,12648
e2e82e04,12900
e0517a6e,12773
dcddf506,12649
e2e82e0c,12901
e0517a76,12774
dcddf50e,12650
e2e82e14,12902
e0517a7e,12775
dcddf516,12651
e2e82e1c,12903
e0517acf,12776
e2e82e24,12904
dd76cdf1,12654
e0517b20,12777
e2e82e2c,12905
dd76cdf9,12655
e0517eb0,12779
e2e82e3c,12907
dd76ce0c,12656
e0e19f00,12780
e2e82e44,12908
dd76ce5e,12657
e0e19f0f,12781
e2e82e4c,12909
dd76ce66,12658
e0e19f55,12782
e2e82e54,12910
dd76ce6e,12659
e0e19f85,12783
e2e82e5c,12911
dd76ce9d,12660
e2e82e64,12912
e0e19fb5,12784
e2e82e6c,12913
dd76cecd,12661
e0e19fbd,12785
e2e82e74,12914
dd76ced5,12662
e0e19fc5,12786
e2e82e7c,12915
dd76cf26,12663
e0e19fcd,12787
e2e82b06,12919
dd76cf35,12664
e2e82b17,12920
e2e82b4d,12921
e0e19fdd,12789
e2e82b7d,12922
dd76cf45,12666
e0e19fe5,12790
e2e82b85,12923
dd76cf4d,12667
e0e19fed,12791
e2e82b8d,12924
de36b907,12668
e0e19ff5,12792
e2e82b95,12925
e2e82b9d,12926
de36b917,12669
e0e19d39,12793
e2e82ba5,12927
de36b94f,12670
e0e19d49,12794
e2e82bad,12928
de36b97f,12671
e0e19d51,12795
e43e5890,12929
de36b987,12672
e0e19d81,12796
b42f4221,0
e43e58d2,12931
de36b98f,12673
e0e19db1,12797
e43e5902,12932
-1,12798
e43e5932,12933
de36b99f,12675
e4f182cf,12934
-1,12799
e4f182d7,12935
de36b9a7,12676
e0e19db9,12800
e4f182df,12936
de36b9af,12677
e0e19dc1,12801
e4f182e7,12937
de36b9b7,12678
e4f182ef,12938
e4f182f7,12939
de36b9bf,12679
e0e1a136,12803
e4f182ff,12940
de36b9c7,12680
e0e1a0b9,12804
e4f181a5,12941
de36ba4b,12681
e17d5b0f,12805
e4f181ad,12942
e4f181b5,12943
de36d007,12682
e0e1a29c,12806
e4f181bd,12944
de36d00f,12683
e17d5bb4,12808
e4f181c5,12945
de36d017,12684
e0e1a21b,12809
e4f181cd,12946
de36d01f,12685
e4f181d5,12947
e0e1a36f,12810
de36d027,12686
e4f181dd,12948
e0e19988,12811
e4f181e5,12949
de36d02f,12687
e17d5826,12813
e4f181ed,12950
de36d037,12688
e17d5892,12814
e4f181f5,12951
de36d03f,12689
e17d589a,12815
e4f181fd,12952
de36d047,12690
e17d58a2,12816
e4f18205,12953
de36d04f,12691
e4f1820d,12954
e17d58aa,12817
de36d057,12692
e4f18215,12955
e17d58b2,12818
de36d05f,12693
e4f1821d,12956
e17d58ba,12819
e4f18225,12957
de36d067,12694
e4f1822d,12958
e17d58c2,12820
de36d06f,12695
e58d32e7,12959
e17d58ca,12821
de36cebb,12696
e58d32ef,12960
e17d58d2,12822
de36cec3,12697
e58d32ff,12962
e17d58da,12823
de36cecb,12698
e58d3fab,12963
e17d58e2,12824
e58d33a3,12964
de36cef4,12699
e58d33ab,12965
e0e19a01,12826
de36cefc,12700
e6b1e830,12966
e17d59f3,12827
de36cf04,12701
e6b1e838,12967
e0e19a5d,12828
de36cf0c,12702
e17d5922,12829
de36cf14,12703
e6b1e868,12968
e17d592a,12830
de36cf1c,12704
e7c9ee57,13003
e6b1e870,12969
e17d5932,12834
deb71e8e,12705
e6b1e8a0,12970
e7c9ee92,13004
e17d593a,12835
deb71e96,12706
e6b1e8d0,12971
e7c9ee9a,13006
e21bb82b,12838
deb71e9e,12707
e6b1e8d8,12972
e7c9eefa,13007
e21bb86e,12839
deb71ea6,12708
e6b1e8e0,12973
e21ba81a,12842
deb71eae,12709
e6b1e94e,12974
e7c9ef8c,13008
e21ba844,12843
deb71eb6,12710
e6b1e956,12975
e7c9ef94,13009
e21ba876,12844
e6b1e95e,12976
e7c9f088,13010
e21ba87e,12845
e6b1e9c0,12977
deb71ede,12712
e7c9f0ea,13011
e21ba886,12846
e6b1e9c8,12978
deb71ee6,12713
e21ba88e,12847
e7c9f0f2,13012
deb71eee,12714
e21ba896,12848
e6b1e9d8,12980
deb71ef6,12715
e21ba89e,12849
e7c9f102,13014
deb71efe,12716
e21ba8a6,12850
e6b1e9e8,12982
e7c9e35a,13015
deb71f06,12717
e21ba8ae,12851
e6b1e9f0,12983
e7c9e36d,13016
deb71f0e,12718
e21ba8b6,12852
e6b1e9f8,12984
e7c9e3a4,13017
deb71f16,12719
e21ba8be,12853
e6b1ea5a,12985
e7c9e453,13018
deb71f1e,12720
e21ba8c6,12854
e6b1ea96,12986
e7c9e48d,13019
e21ba8ce,12855
e6b1ea9e,12987
e21ba8d6,12856
e6b1eaa6,12988
e21ba8de,12857
e6b1eaae,12989
e21ba8e6,12858
e6b1eaea,12990
e21ba8ee,12859
e6b1eaf2,12991
e21ba96b,12860
e6b1eafa,12992
e21ba9a3,12861
e6b1eb02,12993
e21baa02,12862
e7c9eb47,12994
e21baa33,12863
e7c9eb77,12995
e21baa3b,12864
e7c9ebaf,12996
e21baa66,12865
e7c9e586,13020
e7c9ec5e,12997
e7c9ed0f,12998
e7c9e64a,13021
e7c9ed17,12999
e21baa76,12867
e7c9e657,13022
e7c9ed1f,13000
e21baaa1,12868
e7c9e71c,13023
e7c9ed81,13001
e21baaa9,12869
e7c9e77e,13024
e7c9ee4f,13002
e21baab1,12870
e7c9e81d,13025
e7c9e87f,13026
e7c9e887,13027
e7c9e88f,13028
e7c9e949,13029
e7c9e951,13030
e7c9ea15,13031
e7c9ea51,13032
e7c9eabe,13033
e7c9eb20,13034
ee72ccb2,13166
e7c9f22a,13035
ee72c319,13167
e7c9f2bc,13036
ef0c6404,13168
e7c9f34e,13038
ef0c643a,13169
ef0c644b,13170
ef0c647b,13171
e7c9f53a,13041
e7c9f54e,13042
ef0c64eb,13174
e7c9f55e,13043
ef0c651b,13175
e7c9f58e,13044
ef0c6523,13176
e7c9f596,13045
ef0c652b,13177
e7c9f59e,13046
ef0c6533,13178
e7c9f5ce,13047
ef0c653b,13179
e7c9f5d6,13048
ef0c6543,13180
e7c9f606,13049
ef0c654b,13181
e7c9f60e,13050
ef0c6553,13182
e7c9f616,13051
ef0c655b,13183
e7c9f899,13052
ef0c6593,13184
e7c9f643,13053
ef0c6604,13185
e7c9f867,13054
ef0c6652,13186
e7c9f670,13055
ef0c6682,13187
e7c9f8c4,13056
ef0c66b2,13188
c5a556fd,13366
e7c9f69d,13057
ef0c66ba,13189
c5a55705,13367
e7c9f8e8,13058
ef0c66c2,13190
c5a55586,13368
e7c9f6ca,13059
ef0c66ca,13191
e7c9f912,13060
c5a5558e,13369
ef0c66d2,13192
e7c9f6f7,13061
c5a55596,13370
ef0c66da,13193
ef0c66e2,13194
c5a5559e,13371
ef0c6752,13195
c5a555a6,13372
e7c9f936,13062
ef0c675a,13196
e7c9f73f,13063
ef0c70a2,13197
c5a555b6,13374
e7c9f89f,13072
f00c3a71,13199
e7c9f760,13073
f00c3a79,13200
e7c9f861,13074
c5a555e5,13376
f00c3aab,13201
e7c9f781,13075
f00c3add,13202
c5a555ed,13377
e7c9f8ca,13076
f00c3ae5,13203
c5a555f5,13378
e7c9f7a2,13077
c5a555fd,13379
f00c3af5,13205
e7c9f8ee,13078
c5a55605,13380
f00c3b27,13206
e7c9f7c3,13079
f00c254e,13506
c5a5560d,13381
f00c3b78,13207
e7c9f90c,13080
f00c2589,13508
bf91e737,13382
f00c3c12,13208
e7c9f7e4,13081
f00c2591,13509
d72e52ec,13385
f00c3c1a,13209
e7c9f930,13082
d72e52fd,13386
f00c3c22,13210
f00c2599,13510
e7c9f7f4,13083
d72e5305,13387
f00c3ca7,13211
f00c25a1,13511
e7c9fa78,13092
f00c3caf,13212
b57fbe53,13388
f00c25a9,13512
e7c9fce8,13093
f00c3cb7,13213
b57fbe2b,13389
f00c25b1,13513
e7c9fd25,13094
f00c3cbf,13214
b57fbe3f,13390
f00c25b9,13514
e7c9fd5d,13095
f00c3cc7,13215
b57fbffb,13391
f00c25c1,13515
e7c9fda1,13096
f00c3d1b,13216
b57fc02c,13392
f00c25c9,13516
e7c9fdd1,13097
f00c3d23,13217
f00c25fc,13517
e7c9fe31,13098
f00c3d2b,13218
b57fc08e,13394
e7c9fe60,13099
f00c3dfe,13219
f00c268b,13518
b57fbe7b,13395
e7c9fecc,13100
f00c3e30,13220
f00c26ac,13519
b57fbdcf,13396
e7c9fed4,13101
f00c3eff,13221
-1,13531
e7c9ff04,13102
f00c146a,13222
-1,13532
e7c9ff0c,13103
b57fbdff,13397
f00c14d6,13223
-1,13533
e7c9ff14,13104
b57fbe0f,13398
f00c1558,13224
-1,13534
e7c9ff1c,13105
b57fbde3,13399
f00c1560,13225
-1,13535
e7c9ff24,13106
b57fbe07,13400
f00c15b0,13226
-1,13536
e7c9ff2c,13107
b57fc0bf,13402
f00c15e2,13227
e7c9ff34,13108
f00c1614,13228
c0cb5763,13403
-1,13538
f00c1646,13229
e7c9ffa2,13109
c0cb5796,13404
-1,13539
e7c9ffaa,13110
c0cb57c9,13405
f00c16e6,13231
e7c9ffb2,13111
c0cb57d1,13406
f00c16ee,13232
e7ca0046,13112
c0cb57d9,13407
-1,13542
e7ca026c,13113
c0cb57e1,13408
f00c178d,13234
-1,13543
e9131cd7,13115
c0cb57e9,13409
f00c1795,13235
-1,13544
e9131cdf,13116
c0cb57f1,13410
f00c188a,13236
e9131d16,13117
c0cb57f9,13411
f00c1957,13237
e9131d46,13118
c0cb5801,13412
b4e696e7,13564
f00c195f,13238
e9131d4e,13119
c0cb5809,13413
b7a40e60,13565
f00c1967,13239
ea63f221,13120
c0cb5811,13414
dd748ed9,13567
f00c196f,13240
ea63f251,13121
c0cb5819,13415
-1,13581
f00c1977,13241
ea63f281,13122
c0cb5821,13416
f00c26d0,13242
-1,13582
ea63f2b1,13123
c0cb5829,13417
f00c19ff,13243
ea63f2b9,13124
c0cb5831,13418
-1,13584
ea63f2c1,13125
c922387d,13419
f00c1a65,13245
-1,13586
ea63f2c9,13126
c9223885,13420
f00c1a98,13246
-1,13587
ea63f2d1,13127
c92238b5,13421
f00c1b09,13247
c0607e90,13588
ea63f2d9,13128
b57fa014,13422
f00c1b11,13248
-1,13590
ea63f33b,13129
b57f869a,13427
f00c1ba2,13249
de36d214,13591
ea63f39d,13130
b57f87e2,13428
f00c1c1c,13250
de36d21c,13592
ea63f3a5,13131
b57f9b77,13430
f00c1c2c,13251
de36d224,13593
eb2bb1df,13132
b57f9ca3,13431
de36d22c,13594
eb2bb213,13133
b4eb0453,13432
de36d242,13595
f00c1c5f,13252
-1,13134
b4eafeeb,13433
f00c1ca1,13253
ebdcf35b,13135
b4eaade7,13434
f00c1ca9,13254
de36d25c,13596
ebdcf514,13136
b4eacc08,13435
f00c1cdc,13255
de36d274,13597
ebdcf54e,13137
b4eac416,13436
f00c1d0f,13256
de36d27c,13598
ebdceb1f,13138
b4eb04b4,13437
f00c1d21,13257
b4eafb74,13438
f00c1d29,13258
ebdceb30,13139
b4eab243,13439
e9130552,13601
f00c1d31,13259
ec9a71ed,13140
b4eab229,13440
dd7455cc,13602
f00c1de0,13260
ec9a71fe,13141
d1442294,13441
eb2bbfef,13603
ec9a7235,13142
ceb75ea0,13442
f00c1e73,13262
ea63f19e,13604
ec9a7265,13143
c439bb42,13443
f00c1e7b,13263
ea63f1b8,13605
-1,13144
dd72b086,13444
f00c2556,13270
ea63f1c0,13606
ede23467,13145
e0deb619,13445
-1,13281
ede23478,13146
b4eabeab,13446
-1,13282
ea63f1d0,13608
ede23480,13147
d5f56128,13447
-1,13283
ea63f1d8,13609
ede23488,13148
d5f56143,13448
-1,13284
b6fa0054,13610
ede23490,13149
d5f5614b,13449
f00c3007,13285
b6f9ff50,13611
ede23498,13150
d5f56153,13450
f00c30d2,13286
ede234a0,13151
b4eac8a6,13451
-1,13304
b6fa00a4,13612
ede235e2,13152
-1,13452
bc102152,13316
b6fa01a8,13613
ede235ea,13153
-1,13453
bac44b23,13318
b6fa01f8,13614
ede235f2,13154
b4e545b1,13454
b6f9ffa0,13615
ede235fa,13155
bac4481a,13332
b4eab046,13455
b6fa014e,13616
ee72cc12,13156
c4f8cf9d,13347
c3b12bb1,13456
b6fa00fe,13617
ee72cc1a,13157
c4f8cfb7,13348
-1,13457
c21b0255,13618
ee72cc4a,13158
-1,13458
cd5ac762,13619
ee72cc7a,13159
c4f8cfc7,13350
b4eaedd7,13459
cd5ac77c,13620
c4f8cfcf,13351
ee72cc82,13160
b4eaf116,13460
cd5ac784,13621
c4f8cfd7,13352
ee72cc8a,13161
-1,13461
cd5ac78c,13622
c4f8cfdf,13353
ee72cc92,13162
cd5ac794,13623
c4f8cfe7,13354
ee72cc9a,13163
c32dc0c4,13463
cd5ac79c,13624
c4f8cfef,13355
ee72cca2,13164
cd5ac7a4,13625
c4f8cff7,13356
ee72ccaa,13165
-1,13465
cfd57cb9,13626
c4f8cfff,13357
-1,13627
c4f8d007,13358
c3b1c5d3,13466
c4f8d00f,13359
dd748f7e,13467
c5a556cd,13360
e179fb3c,13468
c5a556d5,13361
-1,13469
c5a556dd,13362
-1,13470
c5a556e5,13363
b4eac4a4,13471
c5a556ed,13364
-1,13472
c5a556f5,13365
-1,13473
d69da2d8,13628
ba35fb5d,13474
d69da2e9,13629
-1,13475
d69da2f1,13630
b4eacf96,13476
b624b615,13631
f00c1eca,13480
b624b63d,13632
f00c1efd,13481
de36ca1c,13633
f00c1f30,13482
c21b3130,13634
f00c1f63,13483
-1,13635
f00c1fc9,13484
-1,13636
f00c1fd1,13485
-1,13637
f00c20d3,13486
-1,13638
f00c20db,13487
-1,13639
f00c21de,13488
-1,13640
f00c21e6,13489
-1,13641
f00c21ee,13490
-1,13642
f00c21f6,13491
-1,13643
f00c21fe,13492
b9a0e8cc,13644
f00c2206,13493
bc0c4270,13645
f00c22a3,13494
-1,13646
f00c2309,13495
-1,13647
-1,13648
f00c237d,13496
f00c2385,13497
ef0c751d,13649
f00c23aa,13498
ef0c7530,13650
f00c23b2,13499
ef0c7543,13651
f00c23ba,13500
ef0c7556,13652
f00c23c2,13501
ef0c7569,13653
f00c245d,13502
ef0c757c,13654
f00c24ca,13503
ef0c758f,13655
f00c2513,13504
ef0c75c5,13656
-1,13657
bac45162,13658
c061e070,13684
-1,13685
b42f4221,0
b4eabbbb,13686
-1,13687
b4eacb7f,13688
-1,13689
-1,13690
-1,13691
b4eaca52,13692
b4eaac68,13693
b4eab848,13694
b4eaacb8,13695
b4eaacb0,13696
b4eaacfb,13697
b4eaad03,13698
b4eaad4c,13699
-1,13700
c32dc0de,13701
d0b5b04e,13702
d5f55da9,13703
ccd8cdc2,13704
-1,13705
ba35eca1,13706
-1,13707
d9b351ed,13708
d9b35a1b,13709
-1,13710
ba35e995,13711
b4eab631,13712
b4eaae06,13713
b4eb0bff,13714
b4eb0bb9,13715
b4eb0cdf,13722
b4eb0d32,13723
b4eacb6e,13726
b4eacfbc,13728
b4eacfe0,13729
b4eacff8,13730
b4eaae1c,13731
b4ead00a,13732
b4eb0fb3,13736
b4eb0fc7,13737
b4eb0fdb,13738
b4eb0fe3,13739
b4eb0feb,13740
-1,13741
-1,13742
bac42fba,13743
bd4997bf,13744
e05186c2,13745
d0b5bfa5,13746
-1,13747
-1,13748
d0b5c019,13749
c32dd15b,13750
d0b5c0b0,13751
c32dd13d,13752
c32dcd18,13753
-1,13754
e0518736,13755
-1,13756
ebdcfa5a,13757
b691d306,14000
